gold_row,source,question,expected_template_ids,served_template_id,served_question,bound_filters,verdict,wp6_verdicts,note
1001,WP4a-gold/planning,How many Gram Panchayats in Khordha have uploaded the GPDP in 2024-25?,PLN-001,PLN-001,How many Gram Panchayats in Khordha/all blocks have uploaded the GPDP in 2024-2025?,"{""date_range"": ""2024-2025"", ""district_name"": ""Khordha""}",hit,hit/hit/hit,
1002,WP4a-gold/planning,"GPDP upload status Bhubaneswar block, 24-25?",PLN-001; PLN-003,PLN-003,What percentage of Gram Panchayats in Bhubaneswar have uploaded their GPDP in 2024-2025?,"{""date_range"": ""2024-2025"", ""block_name"": ""Bhubaneswar""}",hit,hit/hit/hit,
1003,WP4a-gold/planning,and Khajuripada?,PLN-001; PLN-003,PLN-003,What percentage of Gram Panchayats in Khajuripada have uploaded their GPDP in 2024-2025?,"{""date_range"": ""2024-2025"", ""block_name"": ""Khajuripada""}",hit,hit/hit/hit,
1004,WP4a-gold/planning,Which Gram Panchayats have not yet uploaded their GPDP in 2024-2025?,PLN-005,PLN-005,Which Gram Panchayats have not yet uploaded their GPDP in 2024-2025?,"{""date_range"": ""2024-2025""}",hit,hit/hit/hit,
1005,WP4a-gold/planning,24-25 me kaun se GP ne abhi tak GPDP upload nahi kiya?,PLN-005,PLN-005,Which Gram Panchayats have not yet uploaded their GPDP in 2024-2025?,"{""date_range"": ""2024-2025""}",hit,hit/hit/hit,
1006,WP4a-gold/planning,ଖୋର୍ଦ୍ଧା ଜିଲ୍ଲାରେ 2024-2025 ରେ କେତେ ଗ୍ରାମ ପଞ୍ଚାୟତ GPDP ଅପଲୋଡ କରିଛନ୍ତି?,PLN-001,PLN-001,How many Gram Panchayats in Khordha/all blocks have uploaded the GPDP in 2024-2025?,"{""date_range"": ""2024-2025"", ""district_name"": ""Khordha""}",hit,hit/hit/hit,
1007,WP4a-gold/planning,Khordha jillare 2024-2025 re kete GP GPDP upload karichanti?,PLN-001,PLN-001,How many Gram Panchayats in Khordha/all blocks have uploaded the GPDP in 2024-2025?,"{""date_range"": ""2024-2025"", ""district_name"": ""Khordha""}",hit,hit/hit/hit,
1008,WP4a-gold/planning,ଆର୍ଥିକ ବର୍ଷ ୨୦୨୪-୨୫ରେ ଖୋର୍ଦ୍ଧାରେ କେତେ GP GPDP ଅପଲୋଡ କରିଛନ୍ତି?,PLN-001,PLN-004,What percentage of Gram Panchayats in Khordha have uploaded their GPDP in 2024-2025?,"{""date_range"": ""2024-2025"", ""district_name"": ""Khordha""}",wrong_template,hit/hit/wrong_template,
1009,WP4a-gold/planning,How many GPs in Kordha uploaded GPDP in FY 24-25?,PLN-001,PLN-001,How many Gram Panchayats in Khordha/all blocks have uploaded the GPDP in 2024-2025?,"{""date_range"": ""2024-2025"", ""district_name"": ""Khordha""}",hit,hit/hit/hit,
1010,WP4a-gold/planning,Khurda district ka GPDP approval rate kya hai 2024-25 me?,PLN-016; PLN-002; PLN-013,PLN-016,What is the GPDP approval rate for each District in 2024-2025 (Khordha district)?,"{""date_range"": ""2024-2025"", ""district_name"": ""Khordha""}",hit,hit/hit/hit,
1011,WP4a-gold/planning,What percentage of Gram Panchayats in Bhubaneshwar block have uploaded their GPDP in 2024-2025?,PLN-003,PLN-003,What percentage of Gram Panchayats in Bhubaneswar have uploaded their GPDP in 2024-2025?,"{""date_range"": ""2024-2025"", ""block_name"": ""Bhubaneswar""}",hit,hit/hit/hit,
1012,WP4a-gold/planning,Which blocks achieved 100% GPDP submission in 2024-2025?,PLN-006,PLN-006,Which Blocks have achieved 100% GPDP submission in 2024-2025?,"{""date_range"": ""2024-2025""}",hit,hit/hit/hit,
1013,WP4a-gold/planning,Which districts had the lowest GPDP submission rate last year?,PLN-007,PLN-007,Which Districts have the lowest GPDP submission rate in 2024-2025 (1)?,"{""date_range"": ""2024-2025"", ""top_n"": ""1""}",hit,hit/hit/hit,
1014,WP4a-gold/planning,How many GPs in Bhubaneswar uploaded the GPDP after 30 June 2024 in 2024-25?,PLN-008,PLN-008,How many GPs in Bhubaneswar uploaded the GPDP after the deadline 2024-06-30 in 2024-2025?,"{""date_range"": ""2024-2025"", ""deadline"": ""2024-06-30"", ""block_name"": ""Bhubaneswar""}",hit,hit/hit/hit,
1015,WP4a-gold/planning,"Sir, kindly let me know the GPDP status of Andhrua Gram Panchayat for the financial year 2024-2025.",PLN-012; PLU-001,PLN-012,What is the status of the GPDP for Andhrua in 2024-2025?,"{""date_range"": ""2024-2025"", ""gp_name"": ""Andhrua""}",hit,hit/hit/hit,
1016,WP4a-gold/planning,what about last year?,PLN-012; PLU-001,PLN-012,What is the status of the GPDP for Andhrua in 2024-2025?,"{""date_range"": ""2024-2025"", ""gp_name"": ""Andhrua""}",wrong_entities,wrong_entities/wrong_entities/wrong_entities,
1017,WP4a-gold/planning,Khordha me kitne GP ka GPDP approval abhi tak pending hai 2024-25 me?,PLN-014,PLN-014,How many Gram Panchayats in all blocks/Khordha are still awaiting GPDP approval in 2024-2025?,"{""date_range"": ""2024-2025"", ""district_name"": ""Khordha""}",hit,hit/hit/hit,
1018,WP4a-gold/planning,Bhubaneswar block me GPDP approval rate kitna hai 2024-25 ka?,PLN-015; PLN-013,PLN-015,What is the GPDP approval rate for each Block in 2024-2025?,"{""date_range"": ""2024-2025""}",hit,clarify_gold_offered/hit/hit,
1019,WP4a-gold/planning,Which blocks have the most pending GPDP approvals in 2024-2025?,PLN-020,PLN-020,Which Blocks have the highest number of pending GPDP approvals in 2024-2025 (1) (block)?,"{""date_range"": ""2024-2025"", ""top_n"": ""1"", ""group_by"": ""block""}",hit,hit/hit/hit,
1020,WP4a-gold/planning,2024-2025 ରେ କେଉଁ ବ୍ଲକରେ ସବୁଠାରୁ ଅଧିକ GPDP ଅନୁମୋଦନ ବାକି ଅଛି?,PLN-020,,,,clarify,clarify/wrong_template/wrong_template,asked (ambiguous_templates): I couldn't match that exactly. Did you mean one of these? | chips: How many Gram Panchayats in a block/a district are still awaiting GPDP approval in 2024-2025? / Which Gram Panchayats have uploaded the GPDP but are still awaiting approval in 2024-2025? / Which Blocks have completed GPDP approval for all Gram Panchayats in 2024-2025?
1021,WP4a-gold/planning,How many activities are planned under each GPDP theme in Andhrua in 2024-25?,PLN-024,PLN-024,How many activities are planned under each GPDP theme in Andhrua in 2024-2025?,"{""date_range"": ""2024-2025"", ""gp_name"": ""Andhrua"", ""group_by"": ""theme""}",hit,hit/hit/hit,
1022,WP4a-gold/planning,Which GPDP theme has the highest number of planned activities in Khordha in 2024-2025?,PLN-029; PLN-035,PLN-029,Which GPDP theme has the highest number of planned activities in Khordha in 2024-2025 (1)?,"{""date_range"": ""2024-2025"", ""district_name"": ""Khordha"", ""top_n"": ""1""}",hit,hit/hit/wrong_template,
1023,WP4a-gold/planning,Which GPs planned the most activities under Clean and Green Village in 2024-25?,PLN-031,PLN-031,Which Gram Panchayats have planned the highest number of activities under Theme 5 - Clean and Green Village  in 2024-2025 (1) (gp)?,"{""date_range"": ""2024-2025"", ""theme"": ""Theme 5 - Clean and Green Village "", ""top_n"": ""1"", ""group_by"": ""gp""}",hit,hit/hit/hit,
1024,WP4a-gold/planning,How has the number of planned activities per theme changed year on year?,PLN-038,PLN-038,How has the number of planned activities under each theme changed over the last five years?,,hit,hit/hit/hit,
1025,WP4a-gold/planning,Which themes showed the greatest increase in planned activities between 2023-24 and 2024-25?,PLN-039,PLN-039,Which themes have shown the greatest increase in planned activities between 2023-2024 and 2024-2025 (1)?,"{""date_range"": ""2024-2025"", ""date_range_2"": ""2023-2024"", ""top_n"": ""1"", ""group_by"": ""theme""}",hit,hit/hit/hit,
1026,WP4a-gold/planning,Sanitation ke under 2024-25 me Andhrua me kitni activities plan hui?,PLN-049,PLN-049,How many activities are planned under Sanitation in Andhrua in 2024-2025?,"{""date_range"": ""2024-2025"", ""focus_area"": ""Sanitation"", ""gp_name"": ""Andhrua""}",hit,hit/hit/hit,
1027,WP4a-gold/planning,Which focus area has the highest number of planned activities in 2024-2025?,PLN-052,PLN-052,Which focus area has the highest number of planned activities in 2024-2025 (1)?,"{""date_range"": ""2024-2025"", ""top_n"": ""1""}",hit,hit/hit/hit,
1028,WP4a-gold/planning,2024-2025 ରେ କେଉଁ ଫୋକସ ଏରିଆରେ କୌଣସି ଯୋଜନାବଦ୍ଧ କାର୍ଯ୍ୟ ନାହିଁ?,PLN-068,,,,clarify,clarify/clarify/clarify,asked (ambiguous_templates): I can read that a few ways — which of these did you mean? | chips: How many activities in a block are still awaiting administrative approval in 2024-2025? / How many activities in a block are in a work status for 2024-2025? / Which theme has the highest utilisation of 15th CFC funds at District level in 2024-2025?
1029,WP4a-gold/planning,How many activities below Rs 1000 are planned theme-wise in 2024-2025?,PLU-006,PLU-006,How many low-cost activities (below 1000 rupees) are planned theme-wise in 2024-2025?,"{""date_range"": ""2024-2025"", ""threshold"": ""1000"", ""group_by"": ""theme""}",hit,hit/hit/hit,
1030,WP4a-gold/planning,Andhrua ke kitne percent activities 1 lakh se kam ki hain 2024-25 me?,PLU-009,PLU-009,What share of planned activities in Andhrua are low-cost (below 1 lakh (₹100000)) in 2024-2025?,"{""date_range"": ""2024-2025"", ""threshold"": ""100000"", ""gp_name"": ""Andhrua""}",hit,hit/hit/hit,
1031,WP4a-gold/planning,What is the cost-band split of activities in Khordha for 2024-2025?,PLU-007,PLU-007,"What is the cost-band split (below 500, 500-1000, above 1000) of activities in Khordha for 2024-2025?","{""date_range"": ""2024-2025"", ""district_name"": ""Khordha""}",hit,hit/hit/hit,
1032,WP4a-gold/planning,Andhrua ka supplementary plan hai kya 2024-25 ke liye?,PLU-003,PLU-003,Does Andhrua have a supplementary plan in addition to the main plan for 2024-2025?,"{""date_range"": ""2024-2025"", ""gp_name"": ""Andhrua""}",hit,hit/hit/hit,
1033,WP4a-gold/planning,How many fresh and how many maintenance activities does Andhrua have in 2024-25?,WRK-001,WRK-001,How many fresh and how many maintenance activities does Andhrua have in 2024-2025?,"{""date_range"": ""2024-2025"", ""gp_name"": ""Andhrua""}",hit,hit/hit/hit,
1034,WP4a-gold/planning,What share of Khordha's expenditure went to maintenance in 2024-2025?,WRK-003,WRK-003,What share of total expenditure in Khordha went to maintenance activities in 2024-2025?,"{""date_range"": ""2024-2025"", ""district_name"": ""Khordha""}",hit,hit/hit/hit,
1035,WP4a-gold/planning,Bhubaneswar ke kaun se GP maintenance par fresh asset se zyada kharch karte hain 2024-25 me?,WRK-005,WRK-005,Which GPs in Bhubaneswar spend more on maintenance than on fresh assets in 2024-2025?,"{""date_range"": ""2024-2025"", ""block_name"": ""Bhubaneswar""}",hit,hit/hit/hit,
1036,WP4a-gold/planning,GPDP status?,PLN-001; PLN-005; PLN-012,,,,clarify,clarify/clarify/clarify,asked (missing_parameter): For which date range? | chips: 
1037,WP4a-gold/planning,How many GPs in Laxmipur uploaded the GPDP in 2024-25?,PLN-001,PLN-001,How many Gram Panchayats in Koraput/Laxmipur have uploaded the GPDP in 2024-2025?,"{""date_range"": ""2024-2025"", ""district_name"": ""Koraput"", ""block_name"": ""Laxmipur""}",hit,hit/hit/hit,
1038,WP4a-gold/planning,Bheden ka plan status 2024-25?,PLU-001; PLN-012,PLU-001,What is the status of the 2024-2025 plan of all GPs (Bheden block)?,"{""date_range"": ""2024-2025"", ""block_name"": ""Bheden""}",hit,hit/hit/hit,
1039,WP4a-gold/planning,2025-26 re kaun kaun blockre GPDP anumodan re barambar bilamba huachi?,PLN-022,PLN-020,Which Blocks have the highest number of pending GPDP approvals in 2025-2026 (10)?,"{""date_range"": ""2025-2026"", ""top_n"": ""10""}",wrong_template,wrong_template/wrong_template/wrong_template,
1040,WP4a-gold/planning,Which themes have remained consistently among the top priorities over the last five years?,PLN-041,PLN-041,Which themes have remained consistently among the top priorities over the last five years?,,hit,hit/hit/hit,asked (known_unanswerable): The closest question I can answer is: | chips: How has the number of planned activities under each theme changed over the last five years?
1041,WP4a-gold/planning,Attabira me kitni activities dusre panchayat tier ko delegate hui 2025-26 me?,PLU-005,PLU-005,How many activities in a given Block are delegated to another panchayat tier for execution in a given Plan Year?,,hit,hit/hit/hit,
1042,WP4a-gold/planning,aur sabse kam?,PLN-053; PLN-052,PLN-052,"Lowest planned activities among all focus area name, 2024-2025:",,hit,hit/hit/hit,
1043,WP4-gold/planning,What percentage of Gram Panchayats in each block uploaded their GPDP in 2024-2025?,PLN-003,PLN-003,What percentage of Gram Panchayats in each block have uploaded their GPDP in 2024-2025?,"{""date_range"": ""2024-2025""}",hit,hit/hit/hit,
1044,WP4-gold/planning,and Laxmipur?,PLN-003,PLN-003,What percentage of Gram Panchayats in Laxmipur have uploaded their GPDP in 2024-2025?,"{""date_range"": ""2024-2025"", ""block_name"": ""Laxmipur""}",hit,hit/hit/hit,
1045,WP4c-gold/planning,Which themes showed the greatest decline in planned activities between 2023-24 and 2024-25?,PLN-040,PLN-040,Which themes have shown the greatest decline in planned activities between 2023-2024 and 2024-2025 (1)?,"{""date_range"": ""2024-2025"", ""date_range_2"": ""2023-2024"", ""top_n"": ""1"", ""group_by"": ""theme""}",hit,hit/hit/hit,
1046,WP5-gold/categorical,Which GPs planned the most activities under the Water Sufficient Village theme in 2024-25?,PLN-031,PLN-031,Which Gram Panchayats have planned the highest number of activities under Theme 4 - Water Sufficient Village in 2024-2025 (1) (gp)?,"{""date_range"": ""2024-2025"", ""theme"": ""Theme 4 - Water Sufficient Village"", ""top_n"": ""1"", ""group_by"": ""gp""}",hit,hit/hit/hit,
1047,WP5-gold/categorical,Which Gram Panchayats have not planned any activities under Theme 8 in 2024-25?,PLN-032,PLN-032,Which Gram Panchayats have not planned any activities under Theme 8 - Village with Good Governance in 2024-2025?,"{""date_range"": ""2024-2025"", ""theme"": ""Theme 8 - Village with Good Governance""}",hit,hit/hit/hit,
1048,WP5-gold/categorical,Child Friendly Village theme ke under 2024-25 me kaunse GP ne koi activity plan nahi ki?,PLN-032,PLN-032,Which Gram Panchayats have not planned any activities under Theme 3 - Child Friendly Village in 2024-2025?,"{""date_range"": ""2024-2025"", ""theme"": ""Theme 3 - Child Friendly Village""}",hit,hit/hit/hit,
1049,WP5-gold/categorical,2024-25 me Poverty Free and Enhanced Livelihoods Village theme ke under sabse zyada activities kis GP ne plan ki?,PLN-031,PLN-031,Which Gram Panchayats have planned the highest number of activities under Theme 1 - Poverty Free and Enhanced Livelihoods Village in 2024-2025?,"{""date_range"": ""2024-2025"", ""theme"": ""Theme 1 - Poverty Free and Enhanced Livelihoods Village"", ""top_n"": ""1""}",hit,hit/hit/hit,
1201,WP4a-gold/sanitation_sbm,How many community soak pits have been planned in 2024-25?,SBM-GWM-003,SBM-GWM-003,How many community soak pits have been planned in 2024-2025?,"{""date_range"": ""2024-2025""}",hit,hit/hit/hit,
1202,WP4a-gold/sanitation_sbm,and household ones?,SBM-GWM-008,,,,clarify,clarify_gold_offered/clarify_gold_offered/clarify_gold_offered,asked (missing_parameter): For which date range? | chips: 
1203,WP4a-gold/sanitation_sbm,How many soak pits were completed in 2024-2025?,SBM-GWM-006; SBM-GWM-011,SBM-GWM-006,How many community soak pits have been completed in 2024-2025?,"{""date_range"": ""2024-2025""}",hit,partial/hit/partial,
1204,WP4a-gold/sanitation_sbm,What is the expenditure on Grey Water Management activities in 2024-25?,SBM-GWM-002,SBM-GWM-002,What is the expenditure on Grey Water Management activities in 2024-2025?,"{""date_range"": ""2024-2025""}",hit,hit/hit/hit,
1205,WP4a-gold/sanitation_sbm,2024-25 me kitne household soak pit complete hue?,SBM-GWM-011,SBM-GWM-011,How many household soak pits have been completed in 2024-2025?,"{""date_range"": ""2024-2025""}",hit,hit/hit/hit,
1206,WP4a-gold/sanitation_sbm,2024-2025 ରେ କେତେ ସାମୁଦାୟିକ ସୋକ୍‌ପିଟ୍ ଯୋଜନା କରାଯାଇଛି?,SBM-GWM-003,,,,clarify_gold_offered,clarify_gold_offered/clarify_gold_offered/clarify_gold_offered,asked (ambiguous_templates): I can read that a few ways — which of these did you mean? | chips: How many household soak pits have been planned in 2024-2025? / How many community soak pits have been planned in 2024-2025? / How many activities in a block are still awaiting administrative approval in 2024-2025?
1207,WP4a-gold/sanitation_sbm,How many community soak pits have been approved in 2024-2025?,SBM-GWM-004,SBM-GWM-004,How many community soak pits have been approved in 2024-2025?,"{""date_range"": ""2024-2025""}",hit,hit/hit/hit,
1208,WP4a-gold/sanitation_sbm,What is the expenditure on household soak pits in 2024-25?,SBM-GWM-012,SBM-GWM-012,What is the expenditure on household soak pits in 2024-2025?,"{""date_range"": ""2024-2025""}",hit,hit/hit/hit,
1209,WP4a-gold/sanitation_sbm,How many single-pit to twin-pit toilet retrofits have been planned in 2024-2025?,SBM-SI-016,SBM-SI-016,How many single-pit to twin-pit toilet retrofits have been planned in 2024-2025?,"{""date_range"": ""2024-2025""}",hit,hit/hit/hit,
1210,WP4a-gold/sanitation_sbm,2024-25 me kitne IHHL complete hue?,SBM-SI-009,SBM-SI-009,How many Individual Household Latrines (IHHLs) have been completed in 2024-2025?,"{""date_range"": ""2024-2025""}",hit,hit/hit/hit,
1211,WP4a-gold/sanitation_sbm,Public institutions me kitne toilet ban gaye 2024-25 me?,SBM-SI-004,SBM-SI-004,How many toilets in public institutions have been completed in 2024-2025?,"{""date_range"": ""2024-2025""}",hit,hit/hit/hit,
1212,WP4a-gold/sanitation_sbm,What is the expenditure on toilets in public institutions in 2024-2025?,SBM-SI-005,SBM-SI-005,What is the expenditure on toilets in public institutions in 2024-2025?,"{""date_range"": ""2024-2025""}",hit,hit/hit/hit,
1213,WP4a-gold/sanitation_sbm,How many toilets and handwash units in AWCs and schools are ongoing in 2024-25?,SBM-SI-013,SBM-SI-013,How many toilets and handwash units in AWCs and schools are ongoing in 2024-2025?,"{""date_range"": ""2024-2025""}",hit,hit/hit/hit,
1214,WP4a-gold/sanitation_sbm,2024-2025 re kete anganwadi o school re toilet sarichi?,SBM-SI-014,SBM-SI-014,How many toilets and handwash units in AWCs and schools have been completed in 2024-2025?,"{""date_range"": ""2024-2025""}",hit,hit/hit/hit,
1215,WP4a-gold/sanitation_sbm,How many septic-tank-with-soak-pit retrofits have been approved in 2024-2025?,SBM-SI-022,SBM-SI-022,How many septic-tank-with-soak-pit retrofits have been approved in 2024-2025?,"{""date_range"": ""2024-2025""}",hit,hit/hit/hit,
1216,WP4a-gold/sanitation_sbm,2024-2025 ରେ କେତେ ବ୍ୟକ୍ତିଗତ ଘରୋଇ ଶୌଚାଳୟ ଯୋଜନା କରାଯାଇଛି?,SBM-SI-006,SBM-SI-006,How many Individual Household Latrines (IHHLs) have been planned in 2024-2025?,"{""date_range"": ""2024-2025""}",hit,hit/hit/hit,
1217,WP4a-gold/sanitation_sbm,How many community compost pits are ongoing in 2024-25?,SBM-SWM-004,SBM-SWM-004,How many community compost pits are ongoing in 2024-2025?,"{""date_range"": ""2024-2025""}",hit,hit/hit/hit,
1218,WP4a-gold/sanitation_sbm,Household compost pit par kitna kharcha hua 2024-25 me?,SBM-SWM-011,SBM-SWM-011,What is the expenditure on household compost pits in 2024-2025?,"{""date_range"": ""2024-2025""}",hit,hit/hit/hit,
1219,WP4a-gold/sanitation_sbm,2024-25 me kitne segregation shed ban kar taiyar ho gaye?,SBM-SWM-015,SBM-SWM-015,How many segregation sheds have been completed in 2024-2025?,"{""date_range"": ""2024-2025""}",hit,hit/hit/hit,
1220,WP4a-gold/sanitation_sbm,Segregation bins planned 24-25?,SBM-SWM-017; SBM-SWM-021; SBM-SWM-022,SBM-SWM-017,How many segregation bins have been planned in 2024-2025?,"{""date_range"": ""2024-2025""}",hit,hit/hit/hit,
1221,WP4a-gold/sanitation_sbm,2024-2025 re kete Gobardhan unit sampurna heichi?,SBM-SWM-027,SBM-SWM-027,How many Gobardhan units have been completed in 2024-2025?,"{""date_range"": ""2024-2025""}",hit,hit/hit/hit,
1222,WP4a-gold/sanitation_sbm,What is the expenditure on Gobardhan units in 2024-2025?,SBM-SWM-028,SBM-SWM-028,What is the expenditure on Gobardhan units in 2024-2025?,"{""date_range"": ""2024-2025""}",hit,hit/hit/hit,
1223,WP4a-gold/sanitation_sbm,Door-to-door kachra gaadi kitni chal rahi hain 2024-25 me?,SBM-SWM-031,SBM-SWM-031,How many door-to-door waste-collection vehicles are ongoing in 2024-2025?,"{""date_range"": ""2024-2025""}",hit,hit/hit/hit,
1224,WP4a-gold/sanitation_sbm,How many weighing machines have been planned in 2024-2025?,SBM-SWM-035,SBM-SWM-035,How many weighing machines have been planned in 2024-2025?,"{""date_range"": ""2024-2025""}",hit,hit/hit/hit,
1225,WP4a-gold/sanitation_sbm,How many Solid Waste Management activities have been planned in 2024-25?,SBM-SWM-001,SBM-SWM-001,How many Solid Waste Management activities have been planned in 2024-2025?,"{""date_range"": ""2024-2025""}",hit,hit/hit/hit,
1226,WP4a-gold/sanitation_sbm,What is the O&M expenditure on community sanitary complexes in 2024-2025?,SBM-OM-001,SBM-OM-001,What is the Operation & Maintenance expenditure on community sanitary complexes in 2024-2025?,"{""date_range"": ""2024-2025""}",hit,hit/hit/hit,
1227,WP4a-gold/sanitation_sbm,What is the Operation & Maintenance expenditure on segregation sheds in 2024-25?,SBM-OM-003,SBM-OM-003,What is the Operation & Maintenance expenditure on segregation sheds in 2024-2025?,"{""date_range"": ""2024-2025""}",hit,hit/hit/hit,
1228,WP4a-gold/sanitation_sbm,PPE kit aur safety equipment kitne plan hue 2024-25 me?,SBM-OM-008,SBM-OM-008,How many PPE kits and safety equipment purchases have been planned in 2024-2025?,"{""date_range"": ""2024-2025""}",hit,hit/hit/hit,
1229,WP4a-gold/sanitation_sbm,What is the total Operation & Maintenance expenditure in Andhrua in 2024-2025?,SBM-OM-010,SBM-OM-010,What is the total Operation & Maintenance expenditure in Andhrua in 2024-2025? (as one total),"{""date_range"": ""2024-2025"", ""gp_name"": ""Andhrua"", ""group_by"": ""total""}",hit,hit/hit/hit,
1230,WP4a-gold/sanitation_sbm,2024-2025 ରେ ପ୍ଲାଷ୍ଟିକ ବର୍ଜ୍ୟବସ୍ତୁ ପରିଚାଳନା ୟୁନିଟ ପାଇଁ କେତେ ଖର୍ଚ୍ଚ ହୋଇଛି?,SBM-OM-004,,,,clarify,clarify/clarify/clarify,"asked (ambiguous_templates): I can read that a few ways — which of these did you mean? | chips: Which activities in a block report expenditure but have no payment vouchers in 2024-2025? / Which activities in a block are abandoned, and what are their costs in 2024-2025? / Which abandoned activities in a district had expenditure incurred, and how much in 2024-2025?"
1231,WP4a-gold/sanitation_sbm,Faecal sludge management plant par kitna kharcha hua 2024-25 me?,SBM-OM-007,SBM-OM-007,What is the Operation & Maintenance expenditure on Faecal Sludge Management plants in 2024-2025?,"{""date_range"": ""2024-2025""}",hit,hit/hit/hit,
1232,WP4a-gold/sanitation_sbm,2024-25 me kitne compost pit complete hue?,SBM-SWM-005; SBM-SWM-010,SBM-SWM-005,How many community compost pits have been completed in 2024-2025?,"{""date_range"": ""2024-2025""}",hit,hit/hit/hit,
1233,WP4a-gold/sanitation_sbm,How many waste collection vehicles were repaired in 2024-25?,SBM-SWM-033,SBM-SWM-033,How many such vehicles have been repaired in a given year?,,hit,hit/hit/hit,
1234,WP4a-gold/sanitation_sbm,How many toilets in public institutions are ongoing in 2024-2025?,SBM-SI-003,SBM-SI-003,How many toilets in public institutions are ongoing in 2024-2025?,"{""date_range"": ""2024-2025""}",hit,hit/hit/hit,
1401,WP4a-gold/budgeting_funding,How much funding is recorded from each funding source in 2024-25?,BUD-002,BUD-002,How much funding is recorded from each funding source in 2024-2025?,"{""date_range"": ""2024-2025""}",hit,hit/hit/hit,
1402,WP4a-gold/budgeting_funding,What percentage of the sanctioned budget is tied and untied in 2024-2025?,BUD-005; BUD-003,BUD-005,What percentage of the sanctioned budget is tied and untied in 2024-2025?,"{""date_range"": ""2024-2025""}",hit,hit/hit/hit,
1403,WP4a-gold/budgeting_funding,Which focus area has the highest planned expenditure in 2024-25?,BUD-022,BUD-022,Which focus area has the highest planned expenditure in 2024-2025 (1)?,"{""date_range"": ""2024-2025"", ""top_n"": ""1""}",hit,hit/hit/hit,
1404,WP4a-gold/budgeting_funding,and the lowest?,BUD-023; BUD-022,BUD-022,"Lowest planned cost among all focus area name, 2024-2025:",,hit,hit/clarify_gold_offered/hit,
1405,WP4a-gold/budgeting_funding,Which GPDP theme has the highest planned expenditure in 2024-2025?,BUD-007,BUD-007,Which GPDP theme has the highest planned expenditure in 2024-2025 (1)?,"{""date_range"": ""2024-2025"", ""top_n"": ""1""}",hit,hit/hit/hit,
1406,WP4a-gold/budgeting_funding,2024-25 me har theme ko kitna planned expenditure mila?,BUD-006,BUD-006,How much planned expenditure is allocated to each GPDP theme in 2024-2025?,"{""date_range"": ""2024-2025""}",hit,hit/hit/hit,
1407,WP4a-gold/budgeting_funding,2024-2025 ରେ କେଉଁ ଫୋକସ ଏରିଆକୁ କୌଣସି ଯୋଜନାବଦ୍ଧ ଖର୍ଚ୍ଚ ମିଳିନାହିଁ?,BUD-027,,,,clarify,clarify/clarify/clarify,"asked (ambiguous_templates): I can read that a few ways — which of these did you mean? | chips: Which activities in a block are abandoned, and what are their costs in 2024-2025? / What are the approved cost and expenditure sector-wise in a district for 2024-2025? / How many activities in a block are still awaiting administrative approval in 2024-2025?"
1408,WP4a-gold/budgeting_funding,Andhrua ko 2024-25 me total kitna fund mila?,BUD-001,BUD-001,How much total funding is recorded for Andhrua in 2024-2025?,"{""date_range"": ""2024-2025"", ""gp_name"": ""Andhrua""}",hit,hit/hit/hit,
1409,WP4a-gold/budgeting_funding,How many activities are recorded under CFC in Khordha for 2024-25?,SCH-001,SCH-001,How many activities are recorded under XV Finance Commission in Khordha for 2024-2025?,"{""date_range"": ""2024-2025"", ""scheme"": ""XV Finance Commission"", ""district_name"": ""Khordha""}",hit,hit/hit/hit,
1410,WP4a-gold/budgeting_funding,Which scheme has the highest expenditure in Bhubaneswar for 2024-2025?,SCH-005,SCH-005,Which scheme has the highest expenditure in Bhubaneswar for 2024-2025 (1)?,"{""date_range"": ""2024-2025"", ""block_name"": ""Bhubaneswar"", ""top_n"": ""1""}",hit,hit/hit/hit,
1411,WP4a-gold/budgeting_funding,SFC vs CFC comparison,SCH-008,,,,clarify,clarify/clarify/partial,asked (ambiguous_templates): I couldn't match that exactly. Did you mean one of these? | chips: Which theme has the highest utilisation of 15th CFC funds at Block level in a year? / Which funding source has the highest utilisation in a year? / How much funding is recorded from each funding source in a year?
1412,WP4a-gold/budgeting_funding,Compare the activity counts and expenditure of the 15th Finance Commission and the 5th State Finance Commission in Khordha for 2024-25.,SCH-008,SCH-008,Compare the activity counts and expenditure of XV Finance Commission and 5TH STATE FINANCE COMMISSION in Khordha for 2024-2025.,"{""date_range"": ""2024-2025"", ""scheme"": ""XV Finance Commission"", ""scheme_2"": ""5TH STATE FINANCE COMMISSION"", ""district_name"": ""Khordha""}",hit,hit/hit/hit,
1413,WP4a-gold/budgeting_funding,SFC ke under Bhubaneswar me General/SC/ST funding split kya hai 2024-25 me?,SCH-010,SCH-010,What is the General/SC/ST funding split under 5TH STATE FINANCE COMMISSION in Bhubaneswar for 2024-2025?,"{""date_range"": ""2024-2025"", ""scheme"": ""5TH STATE FINANCE COMMISSION"", ""block_name"": ""Bhubaneswar""}",hit,hit/hit/hit,
1414,WP4a-gold/budgeting_funding,What is the district-wise activity count under the XV Finance Commission for 2024-2025?,SCH-011,SCH-011,What is the district-wise activity count under XV Finance Commission for 2024-2025?,"{""date_range"": ""2024-2025"", ""scheme"": ""XV Finance Commission"", ""group_by"": ""district""}",hit,hit/hit/hit,
1415,WP4a-gold/budgeting_funding,2024-2025 re Andhrua ra kama pain tied o untied panthi kete bhaga heichi?,FND-001,BUD-003,How much funding is sanctioned under tied and untied components in 2024-2025 (Andhrua GP)?,"{""date_range"": ""2024-2025"", ""gp_name"": ""Andhrua""}",wrong_template,wrong_template/wrong_template/hit,
1416,WP4a-gold/budgeting_funding,Khordha me 2024-25 me kitne percent sanctioned fund tied hai?,FND-004,FND-004,What percentage of sanctioned funds in Khordha is tied in 2024-2025?,"{""date_range"": ""2024-2025"", ""district_name"": ""Khordha""}",hit,hit/hit/hit,
1417,WP4a-gold/budgeting_funding,Bhubaneswar me SC aur ST ke liye kitna fund earmark hua 2024-25 me?,FND-005,FND-005,How much of the sanctioned funding in Bhubaneswar is earmarked for SC and ST categories in 2024-2025?,"{""date_range"": ""2024-2025"", ""block_name"": ""Bhubaneswar""}",hit,hit/hit/hit,
1418,WP4a-gold/budgeting_funding,Which GPs in Bhubaneswar have sanctioned activities but no SC/ST earmark in 2024-25?,FND-007,FND-007,Which GPs in Bhubaneswar have sanctioned activities but no SC/ST earmark in 2024-2025 (Activity Approved) (gp)?,"{""date_range"": ""2024-2025"", ""block_name"": ""Bhubaneswar"", ""status"": ""Activity Approved"", ""group_by"": ""gp""}",hit,hit/hit/hit,
1419,WP4a-gold/budgeting_funding,2024-2025 ରେ ପ୍ରତ୍ୟେକ ପାଣ୍ଠି ଉତ୍ସରୁ କେତେ ଅର୍ଥ ମିଳିଛି?,BUD-002,,,,clarify,clarify/clarify/clarify,asked (ambiguous_templates): I couldn't match that exactly. Did you mean one of these? | chips: What is the expenditure on fresh versus maintenance activities in a block for 2024-2025? / Which themes in a block show high expenditure but low activity completion in 2024-2025? / Which focus areas in a gram panchayat have high approved cost but completion below a threshold percent in 2024-2025?
1420,WP4a-gold/budgeting_funding,Which scheme funds the largest number of activities in Bhubaneswar in 2024-2025?,FND-009,FND-009,Which scheme funds the largest number of activities in Bhubaneswar in 2024-2025 (1)?,"{""date_range"": ""2024-2025"", ""block_name"": ""Bhubaneswar"", ""top_n"": ""1""}",hit,hit/hit/hit,
1421,WP4a-gold/budgeting_funding,"What is the fund allocated under XV Finance Commission at ZP, Block and GP tiers in Khordha for 2025-26?",SCH-004,SCH-004,"What is the fund allocated under a given Scheme at ZP, Block, and GP tiers in a given District for a given Plan Year?",,hit,hit/hit/hit,
1422,WP4a-gold/budgeting_funding,2024-2025 re kaun scheme re sabuthara adhika kharcha heichi Bhubaneswar block re?,SCH-005,SCH-005,Which scheme has the highest expenditure in Bhubaneswar for 2024-2025 (1)?,"{""date_range"": ""2024-2025"", ""block_name"": ""Bhubaneswar"", ""top_n"": ""1""}",hit,hit/hit/hit,
1423,WP5-gold/categorical,Which activities of Andhrua are funded under Own Funds in 2024-25?,SCH-002,,,,clarify,hit/hit/hit,asked (unknown_entity): I couldn't find a tied untied called 'Own Funds'. Did you mean one of these? | chips: Untied / Other / Tied
1424,WP5-gold/categorical,What is the total estimated cost of activities under the 14th Finance Commission in Bhubaneswar for 2023-24?,SCH-003,SCH-003,What is the total estimated cost of activities under Fourteen Finance Commission in Bhubaneswar for 2023-2024? (as one total),"{""date_range"": ""2023-2024"", ""scheme"": ""Fourteen Finance Commission"", ""block_name"": ""Bhubaneswar"", ""group_by"": ""total""}",hit,hit/hit/hit,
1425,WP5-gold/categorical,Which GPs in Bhubaneswar have no activities under the 4th State Finance Scheme in 2024-25?,SCH-006,SCH-006,Which GPs in Bhubaneswar have no activities under 4TH STATE FINANCE SCHEME in 2024-2025 (Khordha district)?,"{""date_range"": ""2024-2025"", ""scheme"": ""4TH STATE FINANCE SCHEME"", ""block_name"": ""Bhubaneswar"", ""district_name"": ""Khordha""}",hit,hit/hit/hit,
1426,WP5-gold/categorical,Khordha me XV Finance Commission ke under activities ka status breakdown kya hai 2024-25 me?,SCH-009,SCH-009,What is the status breakdown of activities under XV Finance Commission in Khordha for 2024-2025?,"{""date_range"": ""2024-2025"", ""scheme"": ""XV Finance Commission"", ""district_name"": ""Khordha"", ""group_by"": ""status""}",hit,hit/hit/hit,
1427,WP5-gold/categorical,What is the district-wise activity count under the 5th State Finance Commission for 2024-25?,SCH-011; SCH-001,SCH-011,What is the district-wise activity count under 5TH STATE FINANCE COMMISSION for 2024-2025?,"{""date_range"": ""2024-2025"", ""scheme"": ""5TH STATE FINANCE COMMISSION"", ""group_by"": ""district""}",hit,hit/hit/hit,
1501,WP4a-gold/expenditure,What is the total actual expenditure incurred by each GP in 2024-25?,EXP-001,EXP-001,What is the total actual expenditure incurred by each GP in 2024-2025?,"{""date_range"": ""2024-2025""}",hit,hit/hit/hit,
1502,WP4a-gold/expenditure,What percentage of the planned expenditure has been utilised in 2024-2025?,EXP-003,EXP-003,What percentage of the planned expenditure has been utilised in 2024-2025?,"{""date_range"": ""2024-2025""}",hit,hit/hit/hit,
1503,WP4a-gold/expenditure,and the unspent amount?,EXP-004,,,,clarify,clarify/clarify/clarify,asked (missing_parameter): For which date range? | chips: 
1504,WP4a-gold/expenditure,2024-25 me total kitna paisa unspent reh gaya?,EXP-004,EXP-004,What is the total unspent amount (planned minus actual) in 2024-2025?,"{""date_range"": ""2024-2025"", ""group_by"": ""total""}",hit,hit/hit/hit,
1505,WP4a-gold/expenditure,2024-2025 ରେ କେଉଁ ଫୋକସ ଏରିଆରେ ସର୍ବାଧିକ ପ୍ରକୃତ ଖର୍ଚ୍ଚ ହୋଇଛି?,EXP-028,TRD-008,What are the approved cost and expenditure sector-wise in all districts for 2024-2025?,"{""date_range"": ""2024-2025""}",wrong_template,clarify/wrong_template/clarify,
1506,WP4a-gold/expenditure,Which GPDP theme has the highest actual expenditure in 2024-2025?,EXP-015,EXP-015,Which GPDP theme has the highest actual expenditure in 2024-2025 (1)?,"{""date_range"": ""2024-2025"", ""top_n"": ""1""}",hit,hit/hit/hit,
1507,WP4a-gold/expenditure,How much actual expenditure has been incurred under each funding source in 2024-25?,EXP-006,EXP-006,How much actual expenditure has been incurred under each funding source in 2024-2025?,"{""date_range"": ""2024-2025""}",hit,hit/hit/hit,
1508,WP4a-gold/expenditure,Kaun se funding source me sabse zyada paisa bacha hua hai 2024-25 me?,EXP-013,EXP-013,Which funding source has the largest unspent amount in 2024-2025 (1)?,"{""date_range"": ""2024-2025"", ""top_n"": ""1""}",hit,hit/hit/hit,
1509,WP4a-gold/expenditure,"Which high-value activities above Rs 1,00,000 have no expenditure in 2024-25?",EXP-033,EXP-033,Which high-value activities (planned cost above 100000) have no expenditure in 2024-2025?,"{""date_range"": ""2024-2025"", ""amount_threshold"": ""100000"", ""top_n"": ""10""}",hit,hit/hit/hit,
1510,WP4a-gold/expenditure,5 lakh se upar ki kaun si activity par abhi tak kharcha nahi hua 2024-25 me?,EXP-033,EXP-033,Which high-value activities (planned cost above 5 lakh (₹500000)) have no expenditure in 2024-2025 (10)?,"{""date_range"": ""2024-2025"", ""amount_threshold"": ""500000"", ""top_n"": ""10""}",hit,hit/hit/hit,
1511,WP4a-gold/expenditure,"Andhrua ra 2024-2025 ra receipt, payment o closing balance kete?",EXP-024,EXP-024,"What are the receipts, payments and closing balance for Andhrua in 2024-2025?","{""date_range"": ""2024-2025"", ""gp_name"": ""Andhrua""}",hit,hit/hit/hit,
1512,WP4a-gold/expenditure,How has the total actual expenditure of Andhrua changed over the years?,EXP-002; TRD-006,EXP-002,How has the total actual expenditure of Andhrua changed over the years? (as one total),"{""gp_name"": ""Andhrua"", ""group_by"": ""total""}",hit,hit/hit/hit,
1513,WP4a-gold/expenditure,Andhrua me marammat aur rakhrakhav par kitna kharcha hua 2024-25 me?,EXP-037,EXP-037,How much expenditure went on repair and maintenance in Andhrua in 2024-2025?,"{""date_range"": ""2024-2025"", ""gp_name"": ""Andhrua""}",hit,hit/hit/hit,
1514,WP4a-gold/expenditure,2024-2025 re Andhrua re nua sampati tiari pain kete kharcha heichi?,EXP-036,EXP-036,How much expenditure went on creation of new assets in Andhrua in 2024-2025?,"{""date_range"": ""2024-2025"", ""gp_name"": ""Andhrua""}",hit,hit/hit/hit,
1515,WP4a-gold/expenditure,Which activities have actual expenditure exceeding the planned expenditure in Andhrua in 2024-2025?,EXP-035,EXP-035,Which activities have actual expenditure exceeding the planned expenditure in Andhrua in 2024-2025 (10)?,"{""date_range"": ""2024-2025"", ""gp_name"": ""Andhrua"", ""top_n"": ""10""}",hit,hit/hit/hit,
1516,WP4a-gold/expenditure,Which theme has the highest utilisation of 15th CFC funds at district level in 2024-25?,EXP-021; EXP-020,EXP-021,Which theme has the highest utilisation of 15th CFC funds at District level in 2024-2025 (XV Finance Commission)?,"{""date_range"": ""2024-2025"", ""scheme"": ""XV Finance Commission"", ""top_n"": ""1""}",hit,hit/hit/hit,
1517,WP4a-gold/expenditure,How many activities have expenditure under Sanitation in 2024-2025?,EXP-010; EXP-026; EXP-030,EXP-010,How many activities have expenditure under Sanitation in 2024-2025?,"{""date_range"": ""2024-2025"", ""focus_area"": ""Sanitation""}",hit,hit/hit/hit,
1518,WP4a-gold/expenditure,Which activities have the highest expenditure in 2024-25?,EXP-031; EXP-032,EXP-031,Which activities have the highest expenditure in 2024-2025 (1)?,"{""date_range"": ""2024-2025"", ""top_n"": ""1""}",hit,hit/hit/hit,
1519,WP4a-gold/expenditure,2024-2025 ରେ ମୋଟ କେତେ ଟଙ୍କା ଖର୍ଚ୍ଚ ହୋଇନାହିଁ?,EXP-004,,,,clarify,clarify/clarify/clarify,"asked (ambiguous_templates): I can read that a few ways — which of these did you mean? | chips: Which high-expenditure activities have not yet started in 2024-2025? / Which themes in a block show high expenditure but low activity completion in 2024-2025? / Which activities in a block are abandoned, and what are their costs in 2024-2025?"
1520,WP4a-gold/expenditure,What percentage of sanctioned funds was utilised in 2024-2025?,EXP-023; EXP-003,EXP-023,What percentage of sanctioned funds was utilised in 2024-2025?,"{""date_range"": ""2024-2025""}",hit,hit/hit/hit,
1521,WP4a-gold/expenditure,expenditure Andhrua?,EXP-001; EXP-024,,,,clarify,clarify/clarify/clarify,asked (missing_parameter): For which date range? | chips: 
1522,WP4a-gold/expenditure,Tied aur untied fund se 2024-25 me kitna kharcha hua?,EXP-008,EXP-008,How much actual expenditure has been incurred under tied and untied funds in 2024-2025?,"{""date_range"": ""2024-2025""}",hit,hit/hit/hit,
1523,WP4-gold/expenditure,What is the total actual expenditure incurred by each GP in 2024-2025?,EXP-001,EXP-001,What is the total actual expenditure incurred by each GP in 2024-2025?,"{""date_range"": ""2024-2025""}",hit,hit/hit/hit,
1524,WP4-gold/expenditure,what about Laxmipur?,EXP-001,,,,clarify_as_ratified,clarify_as_ratified/clarify_as_ratified/clarify_as_ratified,asked (tier_collision): That name belongs to more than one place — did you mean Laxmipur (block) or Laxmipur (GP)? Either way I'll narrow “What is the total actual expenditure incurred by each GP in 2024-2025?”. | chips: Laxmipur (block) / Laxmipur (GP) / Something else
1601,WP4a-gold/implementation_progress,How many activities in Andhrua are in each progress status for 2024-25?,STS-001,STS-001,How many activities in all GPs are in each progress status for 2024-2025?,"{""date_range"": ""2024-2025""}",hit,hit/hit/hit,
1602,WP4a-gold/implementation_progress,What is the district-wise activity status summary for 2024-2025?,STS-013,STS-013,What is the district-wise activity status summary for 2024-2025?,"{""date_range"": ""2024-2025"", ""group_by"": ""district""}",hit,hit/hit/hit,
1603,WP4a-gold/implementation_progress,How many activities in Bhubaneswar are ongoing in 2024-25?,STS-003,STS-003,How many activities in Bhubaneswar are in WORK ONGOING status for 2024-2025?,"{""date_range"": ""2024-2025"", ""status"": ""WORK ONGOING"", ""block_name"": ""Bhubaneswar""}",hit,hit/hit/hit,
1604,WP4a-gold/implementation_progress,and completed ones?,STS-003,STS-003,How many activities in Bhubaneswar are in WORK COMPLETED status for 2024-2025?,"{""date_range"": ""2024-2025"", ""status"": ""WORK COMPLETED"", ""block_name"": ""Bhubaneswar""}",hit,hit/hit/hit,
1605,WP4a-gold/implementation_progress,Bhubaneswar me kitne kaam abandoned hain 2024-25 me?,STS-003; STS-005,STS-003,How many activities in Bhubaneswar are in WORK ABANDONED status for 2024-2025?,"{""date_range"": ""2024-2025"", ""status"": ""WORK ABANDONED"", ""block_name"": ""Bhubaneswar""}",hit,hit/hit/hit,
1606,WP4a-gold/implementation_progress,Which GPs in Khordha have the highest number of abandoned activities in 2024-2025?,STS-004,STS-004,Which GPs in Khordha have the highest number of abandoned activities in 2024-2025 (1) (gp)?,"{""date_range"": ""2024-2025"", ""district_name"": ""Khordha"", ""top_n"": ""1"", ""group_by"": ""gp""}",hit,hit/hit/hit,
1607,WP4a-gold/implementation_progress,Bhubaneswar me kitne percent taken-up kaam complete hue 2024-25 me?,STS-006,STS-006,What percentage of taken-up activities in Bhubaneswar are completed in 2024-2025?,"{""date_range"": ""2024-2025"", ""block_name"": ""Bhubaneswar""}",hit,hit/hit/hit,
1608,WP4a-gold/implementation_progress,Which blocks in Khordha have the highest activity completion rate for 2024-2025?,STS-007,STS-007,Which blocks in Khordha have the highest activity completion rate for 2024-2025 (1)?,"{""date_range"": ""2024-2025"", ""district_name"": ""Khordha"", ""top_n"": ""1"", ""group_by"": ""block""}",hit,hit/hit/hit,
1609,WP4a-gold/implementation_progress,Bhubaneswar ke kaun se GP me ek bhi kaam complete nahi hua 2024-25 me?,STS-009,STS-009,Which GPs in Bhubaneswar have zero completed activities in 2024-2025?,"{""date_range"": ""2024-2025"", ""block_name"": ""Bhubaneswar""}",hit,hit/hit/hit,
1610,WP4a-gold/implementation_progress,Bhubaneswar me kitne kaam Under Approval me atke hue hain 2024-25 me?,STS-010,STS-010,How many activities in Bhubaneswar are stuck in Under Approval status for 2024-2025?,"{""date_range"": ""2024-2025"", ""block_name"": ""Bhubaneswar""}",hit,hit/hit/hit,
1611,WP4a-gold/implementation_progress,2024-2025 ରେ ଆରମ୍ଭ ହୋଇଥିବା କେତେ କାର୍ଯ୍ୟ ସମ୍ପୂର୍ଣ୍ଣ ହୋଇଛି?,IMP-002,,,,clarify,clarify/clarify/clarify,asked (ambiguous_templates): I can read that a few ways — which of these did you mean? | chips: Does a gram panchayat have a supplementary plan in addition to the main plan for 2024-2025? / How many planned activities have not yet been initiated in a gram panchayat in 2024-2025? / What is the status of the 2024-2025 plan of a gram panchayat?
1612,WP4a-gold/implementation_progress,What is the completion rate under each theme and focus area in 2024-2025?,IMP-005,IMP-005,What is the completion rate under each theme and focus area in 2024-2025?,"{""date_range"": ""2024-2025""}",hit,hit/hit/hit,
1613,WP4a-gold/implementation_progress,Which focus area has the lowest completion rate in 2024-25?,IMP-009,,,,clarify,clarify/clarify/clarify,asked (missing_parameter): For which threshold? | chips: 
1614,WP4a-gold/implementation_progress,Which high-expenditure activities have not yet started in 2024-2025?,IMP-013,,,,clarify,clarify/clarify/clarify,asked (missing_parameter): For which amount threshold? | chips: 
1615,WP4a-gold/implementation_progress,Kaun si activities Work Ongoing dikha rahi hain lekin poora approved paisa kharch ho gaya 2024-25 me?,IMP-018,IMP-018,Which activities are marked Work Ongoing despite expenditure reaching the approved cost in 2024-2025 (10)?,"{""date_range"": ""2024-2025"", ""top_n"": ""10""}",hit,hit/hit/hit,
1616,WP4a-gold/implementation_progress,2024-2025 ରେ କେଉଁ ଫୋକସ ଏରିଆରେ ସବୁଠାରୁ ଅଧିକ ଚାଲୁଥିବା କାର୍ଯ୍ୟ ଅଛି?,IMP-011,,,,clarify,clarify/clarify/clarify,asked (ambiguous_templates): I can read that a few ways — which of these did you mean? | chips: How many activities in a block are still awaiting administrative approval in 2024-2025? / How many activities in a block are in WORK ONGOING status for 2024-2025? / Which activities in a block are marked completed or ongoing but have no progress evidence in 2024-2025?
1617,WP4a-gold/implementation_progress,Andhrua me kitne planned kaam abhi tak shuru hi nahi hue 2024-25 me?,IMP-003,IMP-003,How many planned activities have not yet been initiated in Andhrua in 2024-2025?,"{""date_range"": ""2024-2025"", ""gp_name"": ""Andhrua""}",hit,hit/hit/hit,
1618,WP4a-gold/implementation_progress,Which themes have the largest implementation gap between planned and initiated in 2024-2025?,IMP-007,IMP-007,Which themes have the largest implementation gap (planned versus initiated) in 2024-2025 (1)?,"{""date_range"": ""2024-2025"", ""top_n"": ""1"", ""group_by"": ""theme""}",hit,hit/hit/hit,
1619,WP4a-gold/implementation_progress,What physical-progress evidence has been recorded for activity 125711758?,PHY-001,PHY-001,What physical-progress evidence has been recorded for activity 125711758?,"{""activity_code"": ""125711758""}",hit,hit/hit/hit,
1620,WP4a-gold/implementation_progress,2024-2025 re Bhubaneswar block re kete kama ra physical progress evidence achi?,PHY-004,PHY-004,How many activities in Bhubaneswar have physical-progress evidence recorded in 2024-2025?,"{""date_range"": ""2024-2025"", ""block_name"": ""Bhubaneswar""}",hit,hit/hit/hit,
1621,WP4a-gold/implementation_progress,What are the stage-wise completion dates for asset 509018477?,PHY-002,PHY-002,What are the stage-wise completion dates for asset a given Asset Code?,,hit,hit/hit/hit,
1622,WP4a-gold/implementation_progress,Which assets in Attabira have not advanced a stage in the last 90 days?,PHY-005,PHY-005,Which assets in a given Block have not advanced a stage in the last a given Threshold days?,,hit,hit/hit/hit,
1623,WP4a-gold/implementation_progress,2024-2025 re Bhubaneswar block re kete kama sarichi?,STS-003; STS-006,STS-003,How many activities in Bhubaneswar are in all statuses for 2024-2025?,"{""date_range"": ""2024-2025"", ""block_name"": ""Bhubaneswar""}",hit,hit/hit/hit,
1624,WP4a-gold/implementation_progress,and for 2023-24?,STS-013,STS-013,What is the district-wise activity status summary for 2024-2025?,"{""date_range"": ""2024-2025"", ""group_by"": ""district""}",wrong_entities,hit/hit/wrong_entities,
1625,WP5-gold/categorical,How many activities in Bhubaneswar are under approval for 2024-25?,STS-003; STS-010,STS-010,How many activities in Bhubaneswar are stuck in Under Approval status for 2024-2025?,"{""date_range"": ""2024-2025"", ""block_name"": ""Bhubaneswar""}",hit,hit/hit/hit,
1626,WP5-gold/categorical,2023-24 me Bhubaneswar me kitni activities approved status me hain?,STS-003,STS-003,How many activities in Bhubaneswar are in Activity Approved status for 2023-2024?,"{""date_range"": ""2023-2024"", ""status"": ""Activity Approved"", ""block_name"": ""Bhubaneswar""}",hit,hit/hit/hit,
1701,WP4a-gold/monitoring_alerts_dq,Which administratively approved activities in Bhubaneswar still have zero expenditure 90 days after sanction?,ALR-001,ALR-001,Which administratively approved activities in Bhubaneswar still have zero expenditure 90 days after sanction (10) (Activity Approved)?,"{""threshold"": ""90"", ""block_name"": ""Bhubaneswar"", ""top_n"": ""10"", ""status"": ""Activity Approved""}",hit,hit/hit/hit,
1702,WP4a-gold/monitoring_alerts_dq,Khordha me kaun si activities ka kharcha admin approved cost se zyada ho gaya 2024-25 me?,ALR-002,ALR-002,Which activities in Khordha have expenditure exceeding their administratively approved cost in 2024-2025 (10)?,"{""date_range"": ""2024-2025"", ""district_name"": ""Khordha"", ""top_n"": ""10""}",hit,hit/hit/hit,
1703,WP4a-gold/monitoring_alerts_dq,Which activities in Khordha have a technically approved cost higher than the administratively approved cost in 2024-2025?,ALR-004,ALR-004,Which activities in Khordha have a technically approved cost higher than the administratively approved cost in 2024-2025 (10)?,"{""date_range"": ""2024-2025"", ""district_name"": ""Khordha"", ""top_n"": ""10""}",hit,hit/hit/hit,
1704,WP4a-gold/monitoring_alerts_dq,2024-2025 ରେ ଭୁବନେଶ୍ୱର ବ୍ଲକର କେଉଁ ଗ୍ରାମ ପଞ୍ଚାୟତରେ କୌଣସି କାର୍ଯ୍ୟ ହୋଇନାହିଁ?,ALR-012; ALR-013,,,,clarify,clarify/clarify/clarify,asked (ambiguous_templates): I can read that a few ways — which of these did you mean? | chips: Which blocks in a district are below a threshold percent activity completion in 2024-2025? / Which blocks in a district have every taken-up activity started for 2024-2025? / Which GPs in Bhubaneswar have an approved plan but no administratively approved activities in 2024-2025?
1705,WP4a-gold/monitoring_alerts_dq,Khordha me kaun se GP ka 2024-25 me kisi bhi module me data entry nahi hua?,ALR-013,ALR-013,Which GPs in Khordha have no data entry for 2024-2025 in any module?,"{""date_range"": ""2024-2025"", ""district_name"": ""Khordha""}",hit,hit/hit/hit,
1706,WP4a-gold/monitoring_alerts_dq,Which activities approved more than 180 days ago in Bhubaneswar are still not started?,ALR-008,ALR-008,Which activities approved more than 180 days ago in Bhubaneswar are still not started (10)?,"{""threshold"": ""180"", ""block_name"": ""Bhubaneswar"", ""top_n"": ""10""}",hit,hit/hit/hit,
1707,WP4a-gold/monitoring_alerts_dq,Which blocks in Khordha are below 50 percent activity completion in 2024-2025?,ALR-011,ALR-011,Which blocks in Khordha are below 50 percent activity completion in 2024-2025?,"{""date_range"": ""2024-2025"", ""district_name"": ""Khordha"", ""threshold"": ""50"", ""group_by"": ""block""}",hit,hit/hit/hit,
1708,WP4a-gold/monitoring_alerts_dq,Khordha me kitni activities ka focus area record nahi hua 2024-25 me?,DQY-001,DQY-001,How many activities in Khordha have no focus area recorded for 2024-2025?,"{""date_range"": ""2024-2025"", ""district_name"": ""Khordha""}",hit,hit/hit/hit,
1709,WP4a-gold/monitoring_alerts_dq,Which activities in Bhubaneswar are marked completed or ongoing but have no progress evidence in 2024-2025?,DQY-006,DQY-006,Which activities in Bhubaneswar are marked completed or ongoing but have no progress evidence in 2024-2025 (10)?,"{""date_range"": ""2024-2025"", ""block_name"": ""Bhubaneswar"", ""top_n"": ""10""}",hit,hit/hit/hit,
1710,WP4a-gold/monitoring_alerts_dq,Which activities in Bhubaneswar report expenditure but have no payment vouchers in 2024-25?,DQY-011,DQY-011,Which activities in Bhubaneswar report expenditure but have no payment vouchers in 2024-2025 (10)?,"{""date_range"": ""2024-2025"", ""block_name"": ""Bhubaneswar"", ""top_n"": ""10""}",hit,hit/hit/hit,
1711,WP4a-gold/monitoring_alerts_dq,2024-2025 re Khordha re kete activity re funding scheme record hoini?,DQY-004,DQY-004,How many activities in Khordha have no funding scheme recorded for 2024-2025?,"{""date_range"": ""2024-2025"", ""district_name"": ""Khordha""}",hit,hit/hit/hit,
1712,WP4a-gold/monitoring_alerts_dq,Which suspended activities in Attabira have payment vouchers dated after suspension in 2025-26?,ALR-006,ALR-006,Which suspended activities in a given Block have payment vouchers dated after suspension in a given year?,,hit,hit/hit/hit,
1713,WP4a-gold/monitoring_alerts_dq,Which GPs in Khordha have a resource envelope allocation but no uploaded plan for 2025-26?,ALR-010,ALR-010,Which GPs in a given District have a resource envelope allocation but no uploaded plan for a given Plan Year?,,hit,hit/hit/hit,
1714,WP4a-gold/monitoring_alerts_dq,Which activities in Begunia have been ongoing longer than their planned duration in 2025-26?,ALR-007,ALR-007,Which activities in a given Block have been ongoing longer than their planned duration in a given year?,,hit,hit/hit/hit,
1715,WP4a-gold/monitoring_alerts_dq,How many beneficiary records in Andhrua are missing the village field for 2024-25?,DQY-005,DQY-005,How many beneficiary records in a given GP Name are missing the village field for a given Plan Year?,,hit,hit/hit/hit,
1801,WP4a-gold/sanctions_approvals,What is the total administratively sanctioned amount for each GP in 2024-25?,SAN-003,SAN-003,What is the total administratively sanctioned amount for each GP in 2024-2025 (gp)?,"{""date_range"": ""2024-2025"", ""group_by"": ""gp""}",hit,hit/hit/hit,
1802,WP4a-gold/sanctions_approvals,How many activities in Andhrua received administrative approval in 2024-2025?,SAN-001,SAN-001,How many activities in Andhrua received administrative approval in 2024-2025 (Activity Approved)?,"{""date_range"": ""2024-2025"", ""gp_name"": ""Andhrua"", ""status"": ""Activity Approved""}",hit,hit/hit/hit,
1803,WP4a-gold/sanctions_approvals,and in Ganjam?,SAN-001,SAN-001,How many activities in all GPs received administrative approval in 2024-2025 (Ganjam district) (Activity Approved)?,"{""date_range"": ""2024-2025"", ""district_name"": ""Ganjam"", ""status"": ""Activity Approved""}",hit,hit/hit/hit,
1804,WP4a-gold/sanctions_approvals,2024-2025 re Khordha jillare block anusare prashasanika manjuri rashi kete?,SAN-004,SAN-004,What is the block-wise administratively sanctioned amount in Khordha in 2024-2025?,"{""date_range"": ""2024-2025"", ""district_name"": ""Khordha""}",hit,hit/hit/hit,
1805,WP4a-gold/sanctions_approvals,How many activities in Bhubaneswar are still awaiting administrative approval in 2024-2025?,SAN-002,SAN-002,How many activities in Bhubaneswar are still awaiting administrative approval in 2024-2025 (Khordha district) (UNDER APPROVAL)?,"{""date_range"": ""2024-2025"", ""district_name"": ""Khordha"", ""block_name"": ""Bhubaneswar"", ""status"": ""UNDER APPROVAL""}",hit,hit/hit/hit,
1806,WP4a-gold/sanctions_approvals,Bhubaneswar me kitne percent planned activities ko admin approval mila 2024-25 me?,SAN-007,SAN-007,What percentage of planned activities in Bhubaneswar have received administrative approval in 2024-2025 (Activity Approved)?,"{""date_range"": ""2024-2025"", ""block_name"": ""Bhubaneswar"", ""status"": ""Activity Approved""}",hit,hit/hit/hit,
1807,WP4a-gold/sanctions_approvals,Khordha me kaun si activities ko sabse zyada admin sanction amount mila 2024-25 me?,SAN-011,SAN-011,Which activities in Khordha received the highest administratively sanctioned amounts in 2024-2025 (1)?,"{""date_range"": ""2024-2025"", ""district_name"": ""Khordha"", ""top_n"": ""1""}",hit,hit/hit/hit,
1808,WP4a-gold/sanctions_approvals,"What are the administrative approval order number, date and issuing authority for activity 125711758?",SAN-005,SAN-005,"What are the administrative approval order number, date and issuing authority for activity 125711758?","{""activity_code"": ""125711758""}",hit,hit/hit/hit,
1809,WP4a-gold/sanctions_approvals,2024-2025 ରେ ଆନ୍ଧ୍ରୁଆ ପାଇଁ ମୋଟ ପ୍ରଶାସନିକ ମଞ୍ଜୁରୀ ରାଶି କେତେ?,SAN-003,,,,clarify,clarify/clarify/clarify,asked (ambiguous_templates): I can read that a few ways — which of these did you mean? | chips: What is the status of the 2024-2025 plan of Andhrua? / Does Andhrua have a supplementary plan in addition to the main plan for 2024-2025? / How many planned activities have not yet been initiated in Andhrua in 2024-2025?
1810,WP4a-gold/sanctions_approvals,How many administrative approvals in Khordha were issued in each quarter of 2024-25?,SAN-010,SAN-010,How many administrative approvals in Khordha were issued in each quarter of 2024-2025 (Activity Approved)?,"{""date_range"": ""2024-2025"", ""district_name"": ""Khordha"", ""status"": ""Activity Approved""}",hit,hit/hit/hit,
1811,WP4a-gold/sanctions_approvals,only Khordha please,SAN-003,SAN-003,What is the total administratively sanctioned amount for each GP in 2024-2025 (Khordha district) (gp)?,"{""date_range"": ""2024-2025"", ""district_name"": ""Khordha"", ""group_by"": ""gp""}",hit,hit/hit/hit,
1851,WP4a-gold/assets,How many assets were created in each GP during 2024-2025?,AST-001,AST-001,How many assets were created in each GP during 2024-2025 (gp)?,"{""date_range"": ""2024-2025"", ""group_by"": ""gp""}",hit,hit/hit/hit,
1852,WP4a-gold/assets,2024-2025 ରେ ଭୁବନେଶ୍ୱର ବ୍ଲକରେ ସମ୍ପତ୍ତି ଶ୍ରେଣୀ ଅନୁସାରେ କେତେ ସମ୍ପତ୍ତି ସୃଷ୍ଟି ହୋଇଛି?,AST-002,,,,clarify,wrong_template/clarify/clarify,asked (ambiguous_templates): I couldn't match that exactly. Did you mean one of these? | chips: How many assets were created in a gram panchayat during 2024-2025? / How many assets were created under an LSDG theme in Bhubaneswar for 2024-2025? / How many immovable-type assets were created in Bhubaneswar during 2024-2025?
1853,WP4a-gold/assets,Bhubaneswar me 2024-25 me kitne immovable asset bane?,AST-006,AST-006,How many immovable-type assets were created in Bhubaneswar during 2024-2025?,"{""date_range"": ""2024-2025"", ""block_name"": ""Bhubaneswar""}",hit,hit/hit/hit,
1854,WP4a-gold/assets,Which asset category received the highest expenditure in Khordha for 2024-25?,AST-007,AST-007,Which asset category received the highest expenditure in Khordha for 2024-2025 (1)?,"{""date_range"": ""2024-2025"", ""district_name"": ""Khordha"", ""top_n"": ""1""}",hit,hit/hit/hit,
1855,WP4a-gold/assets,Bhubaneswar ke kaun se GP ne 2024-25 me koi asset nahi banaya?,AST-009,AST-009,Which GPs in Bhubaneswar created no assets in 2024-2025?,"{""date_range"": ""2024-2025"", ""block_name"": ""Bhubaneswar""}",hit,hit/hit/hit,
1856,WP4a-gold/assets,How has the number of assets created per year in Bhubaneswar changed?,AST-012,AST-012,How has the number of assets created per year in Bhubaneswar changed (fiscal_year)?,"{""block_name"": ""Bhubaneswar"", ""group_by"": ""fiscal_year""}",hit,hit/hit/hit,
1857,WP4a-gold/assets,What is the average unit cost of tap connections across Khordha for 2025-26?,AST-010,AST-010,What is the average unit cost of a given Asset Sub Category across a given District for a given Plan Year?,,hit,hit/hit/hit,
1858,WP4a-gold/assets,What are the unit count and unit cost of assets created under activity 125711758?,AST-005,AST-005,What are the unit count and unit cost of assets created under activity a given Activity Code?,,hit,hit/hit/hit,
1859,WP4a-gold/assets,"Where are the assets under activity 125711758 located, and how many units at each location?",AST-004,AST-004,"Where are the assets under activity a given Activity Code located, and how many units at each location?",,hit,hit/hit/hit,
1860,WP4a-gold/assets,Bhubaneswar block ru?,AST-001,,,,clarify,clarify/clarify/clarify,asked (ambiguous_templates): I couldn't match that exactly. Did you mean one of these? | chips: How many activities in Bhubaneswar are in a work status for a year? / How many activities in Bhubaneswar are still awaiting administrative approval in a year? / How many GPs in a district/Bhubaneswar have the GPDP approved in a year?
1861,WP5-gold/categorical,How many assets were created under the Self-sufficient Infrastructure in Village theme in Bhubaneswar for 2024-25?,AST-008,AST-008,How many assets were created under Theme 6 - Self-sufficient Infrastructure in Village in Bhubaneswar for 2024-2025?,"{""date_range"": ""2024-2025"", ""theme"": ""Theme 6 - Self-sufficient Infrastructure in Village"", ""block_name"": ""Bhubaneswar""}",hit,hit/hit/hit,
1901,WP4a-gold/trends_comparison,"Compare activity counts, expenditure and completion rates between Bhubaneswar and Barpali for 2024-25.",TRD-011,TRD-011,"Compare activity counts, expenditure and completion rates between Bhubaneswar and Barpali for 2024-2025.","{""date_range"": ""2024-2025"", ""block_name"": ""Bhubaneswar"", ""block_name_2"": ""Barpali""}",hit,hit/hit/hit,
1902,WP4a-gold/trends_comparison,"Compare planned expenditure, actual expenditure and completion rate between Andhrua and Barimunda for 2024-2025.",TRD-010,TRD-010,"Compare planned expenditure, actual expenditure and completion rate between Andhrua and Barimunda for 2024-2025.","{""date_range"": ""2024-2025"", ""gp_name"": ""Andhrua"", ""gp_name_2"": ""Barimunda""}",hit,hit/hit/hit,
1903,WP4a-gold/trends_comparison,How does Khordha compare with the state average on expenditure per GP and completion rate for 2024-25?,TRD-012,TRD-012,How does Khordha compare with the state average on expenditure per GP and completion rate for 2024-2025?,"{""date_range"": ""2024-2025"", ""district_name"": ""Khordha""}",hit,hit/hit/hit,
1904,WP4a-gold/trends_comparison,Bhubaneswar ka total kharcha 2023-24 se 2024-25 me kitna badla?,TRD-004,TRD-004,How did the total expenditure of Bhubaneswar change between 2023-2024 and 2024-2025?,"{""date_range"": ""2024-2025"", ""date_range_2"": ""2023-2024"", ""block_name"": ""Bhubaneswar"", ""group_by"": ""total""}",hit,hit/hit/hit,
1905,WP4a-gold/trends_comparison,ଆନ୍ଧ୍ରୁଆର ବର୍ଷ ଅନୁସାରେ ମୋଟ ଖର୍ଚ୍ଚ କେତେ?,TRD-006; TRD-003; EXP-002,,,,clarify_gold_offered,clarify_gold_offered/clarify_gold_offered/clarify_gold_offered,asked (ambiguous_templates): I can read that a few ways — which of these did you mean? | chips: What is the total actual expenditure incurred by Andhrua in a year? / What is the year-wise total expenditure of Andhrua? / How much expenditure went on repair and maintenance in Andhrua in a year?
1906,WP4a-gold/trends_comparison,Compare the approved cost and expenditure theme-wise between 2023-24 and 2024-25.,TRD-002,TRD-002,Compare the approved cost and expenditure theme-wise between 2023-2024 and 2024-2025.,"{""date_range"": ""2024-2025"", ""date_range_2"": ""2023-2024"", ""group_by"": ""theme""}",hit,hit/hit/hit,
1907,WP4a-gold/trends_comparison,Khordha ka activity completion rate saalon me kaise badla?,TRD-005,TRD-005,How has the activity completion rate of Khordha changed over the years?,"{""district_name"": ""Khordha""}",hit,hit/hit/hit,
1908,WP4a-gold/trends_comparison,Andhrua ra barsa bhittire mota kharcha kete?,TRD-006; TRD-003,TRD-006,What is the year-wise total expenditure of Andhrua?,"{""gp_name"": ""Andhrua""}",hit,hit/hit/hit,
1909,WP4a-gold/trends_comparison,Compare Laxmipur and Kalimela for 2024-25.,TRD-011; TRD-010,TRD-011,"Compare activity counts, expenditure and completion rates between Laxmipur and Kalimela for 2024-2025.","{""date_range"": ""2024-2025"", ""block_name"": ""Laxmipur"", ""block_name_2"": ""Kalimela""}",hit,hit/hit/clarify,
1910,WP4c-gold/trends_comparison,Compare the activities planned and started theme-wise between 2023-24 and 2024-25.,TRD-001,TRD-001,Compare the activities planned and started theme-wise between 2023-2024 and 2024-2025.,"{""date_range"": ""2024-2025"", ""date_range_2"": ""2023-2024"", ""group_by"": ""theme""}",hit,hit/hit/hit,
1951,WP4a-gold/decision_support,Bhubaneswar ke kaun se GP me sabse zyada paisa bacha hua hai 2024-25 me?,DSS-006,DSS-006,Which GPs in Bhubaneswar have the largest unspent balance in 2024-2025 (1)?,"{""date_range"": ""2024-2025"", ""block_name"": ""Bhubaneswar"", ""top_n"": ""1""}",hit,hit/hit/hit,
1952,WP4a-gold/decision_support,2024-2025 re Bhubaneswar re kaun chalu kama manjuri rashira 25 percent tharu kama kharcha karichi?,DSS-005,DSS-005,Which ongoing activities in Bhubaneswar have spent less than 25 percent of their sanctioned cost in 2024-2025 (10)?,"{""date_range"": ""2024-2025"", ""threshold"": ""25"", ""block_name"": ""Bhubaneswar"", ""top_n"": ""10""}",hit,hit/hit/hit,
1953,WP4a-gold/decision_support,Which blocks in Khordha combine high pending sanctions with low expenditure in 2024-25?,DSS-002,DSS-002,Which blocks in Khordha combine high pending sanctions with low expenditure in 2024-2025 (10) (UNDER APPROVAL)?,"{""date_range"": ""2024-2025"", ""district_name"": ""Khordha"", ""top_n"": ""10"", ""status"": ""UNDER APPROVAL"", ""group_by"": ""block""}",hit,hit/hit/hit,
1954,WP4a-gold/decision_support,Andhrua me kaun se focus area ka approved cost zyada hai lekin completion 50 percent se kam hai 2024-25 me?,DSS-001,DSS-001,Which focus areas in Andhrua have high approved cost but completion below 50 percent in 2024-2025 (1)?,"{""date_range"": ""2024-2025"", ""gp_name"": ""Andhrua"", ""threshold"": ""50"", ""top_n"": ""1""}",hit,hit/hit/hit,
1955,WP4a-gold/decision_support,Which asset sub-categories in Bhubaneswar show the highest repeat-maintenance frequency in 2024-2025?,DSS-003,DSS-003,Which asset sub-categories in Bhubaneswar show the highest repeat-maintenance frequency in a given year (1)?,"{""block_name"": ""Bhubaneswar"", ""top_n"": ""1""}",hit,hit/hit/hit,
1956,WP4a-gold/decision_support,"Which GPs in Attabira could reach the next PAI grade with the smallest score improvement, and on which themes are they weakest?",DSS-004,DSS-004,"Which GPs in a given Block could reach the next PAI grade with the smallest score improvement, and on which themes are they weakest in a given year?",,hit,hit/hit/hit,
1971,WP4a-gold/beneficiaries_dropped,How many beneficiaries received benefits under Swachh Bharat Mission in Andhrua during 2024-25?,BEN-001,BEN-001,How many beneficiaries received benefits under a given Scheme in a given GP Name during a given Plan Year?,,hit,hit/hit/hit,
1972,WP4a-gold/beneficiaries_dropped,Bhubaneswar block ke GPs me kitne beneficiary hain 2024-25 me?,BEN-003,,,,declined_generically,declined_generically/declined_generically/declined_generically,asked (broad_question): What would you like to know about Bhubaneswar? | chips: What percentage of Gram Panchayats in Bhubaneswar have uploaded their GPDP in 2025-2026? / What is the total actual expenditure incurred by a gram panchayat in 2025-2026 in Bhubaneswar? / What is the total unspent amount (planned minus actual) in 2025-2026 in Bhubaneswar? / How many activities in Bhubaneswar are still awaiting administrative approval in 2025-2026?
1973,WP4a-gold/beneficiaries_dropped,What is the village-wise count of beneficiaries in Andhrua under NSAP for 2024-2025?,BEN-002,BEN-002,What is the village-wise count of beneficiaries in a given GP Name under a given Scheme for a given Plan Year?,,hit,hit/hit/hit,
1974,WP4a-gold/beneficiaries_dropped,2024-2025 ରେ ଆନ୍ଧ୍ରୁଆରେ କେତେ ହିତାଧିକାରୀ ପେନସନ ପାଇଛନ୍ତି?,BEN-010,,,,declined_generically,declined_generically/declined_generically/declined_generically,asked (broad_question): What would you like to know about Andhrua? | chips: What is the status of the GPDP for Andhrua in 2025-2026? / What is the total actual expenditure incurred by Andhrua in 2025-2026? / How has the total actual expenditure of Andhrua changed over the years? / How many activities in Andhrua are in each progress status for 2025-2026?
1981,WP4a-gold/out_of_domain,What is the weather forecast for Bhubaneswar tomorrow?,no_match,,,,hit,hit/hit/hit,"asked (ambiguous_templates): I can read that a few ways — which of these did you mean? | chips: Compare activity counts, expenditure and completion rates between Bhubaneswar and another block for a year. / How many activities were administratively sanctioned in each month of a year in Bhubaneswar? / Which activities in Bhubaneswar have expenditure more than a threshold percent above estimated cost in a year?"
1982,WP4a-gold/out_of_domain,Odisha panchayat election kab hoga?,no_match,,,,hit,hit/hit/hit,"asked (no_match): I can't answer that exactly, but I can answer these: | chips: How many Gram Panchayats in a block/a district are still awaiting GPDP approval in a year? / How many Gram Panchayats in a block/a district have their GPDP approved in a year? / How many Gram Panchayats in a district/a block have uploaded the GPDP in a year?"
1983,WP4a-gold/out_of_domain,Who is the current Sarpanch of Andhrua?,no_match,,,,hit,hit/hit/hit,asked (broad_question): What would you like to know about Andhrua? | chips: What is the status of the GPDP for Andhrua in 2025-2026? / What is the total actual expenditure incurred by Andhrua in 2025-2026? / How has the total actual expenditure of Andhrua changed over the years? / How many activities in Andhrua are in each progress status for 2025-2026?
1984,WP4a-gold/out_of_domain,ଆଜି ଭୁବନେଶ୍ୱରରେ ପାଗ କିପରି ଅଛି?,no_match,,,,hit,hit/hit/hit,asked (broad_question): What would you like to know about Bhubaneswar? | chips: What percentage of Gram Panchayats in Bhubaneswar have uploaded their GPDP in 2025-2026? / What is the total actual expenditure incurred by a gram panchayat in 2025-2026 in Bhubaneswar? / What is the total unspent amount (planned minus actual) in 2025-2026 in Bhubaneswar? / How many activities in Bhubaneswar are still awaiting administrative approval in 2025-2026?
1985,WP4a-gold/out_of_domain,Can you write me a leave application in Odia?,no_match,,,,hit,hit/hit/hit,asked (ambiguous_templates): I can read that a few ways — which of these did you mean? | chips: Which administratively approved activities in a block have a missing sanction order date or authority in a year? / Which activities approved more than a threshold days ago in a block are still not started? / What is the General/SC/ST split of administratively sanctioned funds in a block for a year?
1986,WP4a-gold/out_of_domain,What is the MGNREGA wage rate in Odisha this year?,no_match,,,,hit,hit/hit/hit,"asked (no_match): I can't answer that exactly, but I can answer these: | chips: What is the block-wise administratively sanctioned amount in a district in 2025-2026? / How many activities were administratively sanctioned in each month of 2025-2026 in a block? / What is the total amount recorded per scheme across a district in 2025-2026?"
2001,Eval_1.xlsx row 1 (canonical),What is the total budget outlay planned across all main GPDPs for 2024 to 2025?,BUD-006; SCH-003; EXP-004,BUD-006,How much planned expenditure is allocated to each GPDP theme in 2024-2025 (Main) (total)? (as one total),"{""date_range"": ""2024-2025"", ""plan_type"": ""Main"", ""group_by"": ""total""}",hit,hit/hit/hit,
2002,Eval_1.xlsx row 6 (low_overlap),What's the aggregate budget outlay for all primary GPDPs for 2025 to 2026?,BUD-006; SCH-003; EXP-004,BUD-006,How much planned expenditure is allocated to each GPDP theme in 2025-2026 (Main) (total)? (as one total),"{""date_range"": ""2025-2026"", ""plan_type"": ""Main"", ""group_by"": ""total""}",hit,hit/hit/hit,
2003,Eval_1.xlsx row 10 (canonical),Which GPs have planned zero-cost activities for 2024 to 2025?,PLU-008; DQY-007,PLU-008,How many no-cost activities are planned in all blocks for 2024-2025 (gp)? (broken down by gram panchayat),"{""date_range"": ""2024-2025"", ""group_by"": ""gp""}",hit,clarify_gold_offered/hit/hit,
2004,Eval_1.xlsx row 13 (low_overlap),Which GPs proposed activities costing zero rupees for 2024 to 2025?,PLU-008; DQY-007,PLU-008,How many no-cost activities are planned in all blocks for 2024-2025 (gp)? (broken down by gram panchayat),"{""date_range"": ""2024-2025"", ""group_by"": ""gp""}",hit,clarify_gold_offered/hit/hit,
2005,Eval_1.xlsx row 17 (canonical),How many sanitation activities have been completed under Swachh Bharat for 2025 to 2026?,STS-003; IMP-002; STS-001,STS-003,How many activities in all blocks are in WORK COMPLETED status for 2025-2026 (Sanitation)?,"{""date_range"": ""2025-2026"", ""status"": ""WORK COMPLETED"", ""focus_area"": ""Sanitation""}",hit,hit/clarify/clarify,
2006,Eval_1.xlsx row 19 (low_overlap),What is the count of finished sanitation projects for Swachh Bharat for 2025 to 2026?,STS-003; IMP-002; STS-001,STS-003,How many activities in all blocks are in WORK COMPLETED status for 2025-2026 (Sanitation)?,"{""date_range"": ""2025-2026"", ""status"": ""WORK COMPLETED"", ""focus_area"": ""Sanitation""}",hit,hit/hit/clarify,
2007,Eval_1.xlsx row 32 (canonical),What is the total unspent balance across all GPs in the state for 2020 to 2021?,EXP-004; DSS-006,EXP-004,What is the total unspent amount (planned minus actual) in 2020-2021?,"{""date_range"": ""2020-2021"", ""group_by"": ""total""}",hit,hit/hit/hit,
2008,Eval_1.xlsx row 35 (low_overlap),What is the aggregate unutilized balance for all GPs in the state for 2020 to 2021?,EXP-004; DSS-006,EXP-004,What is the total unspent amount (planned minus actual) in 2020-2021?,"{""date_range"": ""2020-2021"", ""group_by"": ""total""}",hit,hit/hit/hit,
2009,Eval_1.xlsx row 40 (canonical),Show the breakdown of tied fund expenditure by sector (water vs sanitation) for 2025 to 2026.,EXP-009; EXP-011; FND-002,EXP-009,How much tied-fund expenditure was incurred under Drinking water and Sanitation in 2025-2026 (Tied)?,"{""date_range"": ""2025-2026"", ""focus_area"": [""Drinking water"", ""Sanitation""], ""tied_untied"": ""Tied""}",hit,hit/hit/hit,
2010,Eval_1.xlsx row 45 (low_overlap),Show me the distribution of tied funds spent on water versus sanitation for 2025 to 2026.,EXP-009; EXP-011; FND-002,EXP-011,How much tied-fund expenditure was incurred under Drinking water and Sanitation in 2025-2026 (Tied)?,"{""date_range"": ""2025-2026"", ""focus_area"": [""Drinking water"", ""Sanitation""], ""tied_untied"": ""Tied""}",hit,hit/hit/hit,
2011,Eval_1.xlsx row 54 (canonical),What is the total allocation for the 9 Sankalp themes state-wide for 2024 to 2025?,BUD-006; BUD-013; BUD-009,BUD-006,How much planned expenditure is allocated to each GPDP theme in 2024-2025?,"{""date_range"": ""2024-2025"", ""group_by"": ""theme""}",hit,hit/hit/hit,
2012,Eval_1.xlsx row 56 (low_overlap),Total state-wide funding for the 9 Sankalp themes for 2025 to 2026.,BUD-006; BUD-013; BUD-009,BUD-006,How much planned expenditure is allocated to each GPDP theme in 2025-2026?,"{""date_range"": ""2025-2026"", ""group_by"": ""theme""}",hit,hit/hit/hit,
2013,Eval_1.xlsx row 68 (canonical),List the GPs that have not allocated any funds to Sankalp themes for 2025 to 2026.,PLN-032; SCH-006,PLN-032,Which Gram Panchayats have not planned any activities under all themes in 2025-2026?,"{""date_range"": ""2025-2026""}",hit,clarify_gold_offered/hit/clarify_gold_offered,
2014,Eval_1.xlsx row 73 (low_overlap),Find GPs that have zero funds allocated toward Sankalp themes for 2025 to 2026.,PLN-032; SCH-006,PLN-032,Which Gram Panchayats have not planned any activities under all themes in 2025-2026?,"{""date_range"": ""2025-2026""}",hit,hit/hit/hit,
2015,Eval_1.xlsx row 83 (canonical),How many GPs have uploaded their main GPDP for FY 2025-26?,PLN-001; PLN-013,PLN-001,How many Gram Panchayats in all districts/all blocks have uploaded the GPDP in 2025-2026 (Main)?,"{""date_range"": ""2025-2026"", ""plan_type"": ""Main""}",hit,hit/hit/hit,
2016,Eval_1.xlsx row 88 (low_overlap),Count the GPs that completed main GPDP uploads for FY 25-26.,PLN-001; PLN-013,PLN-001,How many Gram Panchayats in all districts/all blocks have uploaded the GPDP in 2025-2026 (Main)?,"{""date_range"": ""2025-2026"", ""plan_type"": ""Main""}",hit,hit/hit/hit,
2017,Eval_1.xlsx row 97 (canonical),List the GPs that have not yet uploaded any GPDP for 2024 to 2026.,PLN-005; PLN-003,PLN-005,Which Gram Panchayats have not yet uploaded their GPDP in 2024-2025 and 2025-2026? (2024-2025 and 2025-2026 combined),"{""date_range"": [""2024-2025"", ""2025-2026""]}",hit,hit/hit/hit,
2018,Eval_1.xlsx row 101 (low_overlap),Which GPs failed to upload any GPDP so far for 2024 to 2025?,PLN-005; PLN-003,PLN-005,Which Gram Panchayats have not yet uploaded their GPDP in 2024-2025?,"{""date_range"": ""2024-2025""}",hit,hit/hit/hit,
2019,Eval_1.xlsx row 111 (canonical),What is the total number of supplementary plans approved state-wide for 2025 to 2026?,PLN-002; PLN-013; PLU-004,PLN-002,How many GPs in all districts/all blocks have the GPDP approved in 2025-2026 (Supplementary) (total)?,"{""date_range"": ""2025-2026"", ""plan_type"": ""Supplementary"", ""group_by"": ""total""}",hit,clarify_gold_offered/clarify_gold_offered/clarify_gold_offered,
2020,Eval_1.xlsx row 116 (low_overlap),Provide the total number of approved supplementary plans at the state level for 2024 to 2025.,PLN-002; PLN-013; PLU-004,PLN-002,How many GPs in all districts/all blocks have the GPDP approved in 2024-2025 (Supplementary) (total)?,"{""date_range"": ""2024-2025"", ""plan_type"": ""Supplementary"", ""group_by"": ""total""}",hit,clarify_gold_offered/clarify_gold_offered/clarify_gold_offered,
2021,Eval_1.xlsx row 126 (canonical),How many GPs have submitted at least one supplementary plan in Ganjam district for 2024 to 2025?,PLU-004; PLN-001,PLU-004,How many GPs in all blocks uploaded supplementary plans for 2024-2025 (Ganjam district)?,"{""date_range"": ""2024-2025"", ""district_name"": ""Ganjam""}",hit,hit/hit/hit,
2022,Eval_1.xlsx row 129 (low_overlap),Count the GPs from Ganjam that have at least one supplementary plan for 2025 to 2026.,PLU-004; PLN-001,PLU-004,How many GPs in all blocks uploaded supplementary plans for 2025-2026 (Ganjam district)?,"{""date_range"": ""2025-2026"", ""district_name"": ""Ganjam""}",hit,hit/hit/hit,
2023,Eval_1.xlsx row 140 (canonical),What is the total number of activities planned in the main GPDPs for 2025 to 2026?,PLN-024,PLN-024,How many activities are planned under each GPDP theme in all GPs in 2025-2026 (Main) (total)? (as one total),"{""date_range"": ""2025-2026"", ""plan_type"": ""Main"", ""group_by"": ""total""}",hit,hit/clarify_gold_offered/hit,
2024,Eval_1.xlsx row 143 (low_overlap),What is the overall number of activities proposed in main GPDPs for 2025 to 2026?,PLN-024,BUD-006,How much planned expenditure is allocated to each GPDP theme in 2025-2026 (Main) (total)? (as one total),"{""date_range"": ""2025-2026"", ""plan_type"": ""Main"", ""group_by"": ""total""}",wrong_template,hit/clarify_gold_offered/clarify_gold_offered,
2025,Eval_1.xlsx row 155 (canonical),Which GP has the highest number of planned activities for 2024 to 2025?,PLN-031; PLN-033,PLN-031,Which Gram Panchayats have planned the highest number of activities under all themes in 2024-2025 (1)?,"{""date_range"": ""2024-2025"", ""top_n"": ""1""}",hit,clarify_gold_offered/clarify_gold_offered/clarify_gold_offered,
2026,Eval_1.xlsx row 158 (low_overlap),Identify the GP with the highest activity count for 2024 to 2025.,PLN-031; PLN-033,PLN-031,Which Gram Panchayats have planned the highest number of activities under all themes in 2024-2025 (1)?,"{""date_range"": ""2024-2025"", ""top_n"": ""1""}",hit,clarify/clarify_gold_offered/clarify_gold_offered,
2027,Eval_1.xlsx row 170 (canonical),What is the total estimated cost of all planned activities state-wide for 2024 to 2026?,BUD-006; SCH-003,BUD-006,How much planned expenditure is allocated to each GPDP theme in 2024-2025 and 2025-2026 (total)? (as one total),"{""date_range"": [""2024-2025"", ""2025-2026""], ""group_by"": ""total""}",hit,clarify_gold_offered/clarify_gold_offered/clarify_gold_offered,
2028,Eval_1.xlsx row 175 (low_overlap),State-wide total of estimated costs for all activities for 2025 to 2026.,BUD-006; SCH-003,,,,clarify_gold_offered,clarify_gold_offered/clarify_gold_offered/hit,asked (ambiguous_templates): I couldn't match that exactly. Did you mean one of these? | chips: What is the total estimated cost of activities under a scheme in a block for 2025-2026? / What is the total amount recorded per scheme across a district in 2025-2026? / Which focus areas receive many activities but relatively low planned expenditure in 2025-2026?
2029,Eval_1.xlsx row 200 (canonical),Show the breakdown of planned activities by theme for 2024 to 2025.,PLN-024; BUD-006; PLN-044; PLN-072,PLN-024,How many activities are planned under each GPDP theme in all GPs in 2024-2025?,"{""date_range"": ""2024-2025"", ""group_by"": ""theme""}",hit,hit/hit/hit,
2030,Eval_1.xlsx row 201 (low_overlap),How are planned activities distributed across different themes for 2024 to 2025?,PLN-024; BUD-006; PLN-044; PLN-072,PLN-024,How many activities are planned under each GPDP theme in all GPs in 2024-2025?,"{""date_range"": ""2024-2025"", ""group_by"": ""theme""}",hit,hit/hit/hit,
2031,Eval_1.xlsx row 215 (canonical),How many activities are planned under the sanitation sector for 2024 to 2025?,PLN-049; PLN-024,PLN-049,How many activities are planned under Sanitation in all GPs in 2024-2025?,"{""date_range"": ""2024-2025"", ""focus_area"": ""Sanitation""}",hit,hit/hit/hit,
2032,Eval_1.xlsx row 219 (low_overlap),Number of activities proposed within the sanitation category for 2024 to 2025.,PLN-049; PLN-024,PLN-049,How many activities are planned under Sanitation in all GPs in 2024-2025?,"{""date_range"": ""2024-2025"", ""focus_area"": ""Sanitation""}",hit,hit/hit/hit,
2033,Eval_1.xlsx row 230 (canonical),Which GP has planned the most activities under piped water supply for 2024 to 2025?,PLN-031; PLN-049,PLN-031,Which Gram Panchayats have planned the highest number of activities under all themes in 2024-2025 (1) (Drinking water)?,"{""date_range"": ""2024-2025"", ""top_n"": ""1"", ""focus_area"": ""Drinking water""}",hit,hit/hit/hit,
2034,Eval_1.xlsx row 235 (low_overlap),Find the GP with the greatest count of piped water supply plans for 2024 to 2026.,PLN-031; PLN-049,PLN-031,Which Gram Panchayats have planned the highest number of activities under all themes in 2024-2025 and 2025-2026 (1) (Drinking water) (fiscal_year)? (broken down by year),"{""date_range"": [""2024-2025"", ""2025-2026""], ""top_n"": ""1"", ""focus_area"": ""Drinking water"", ""group_by"": ""fiscal_year""}",hit,clarify_gold_offered/clarify_gold_offered/clarify_gold_offered,
2035,Eval_1.xlsx row 246 (canonical),How many GPs have their GPDPs still pending approval for 2024 to 2026?,PLN-014; PLN-019; PLN-020; PLN-021,PLN-014,How many Gram Panchayats in all blocks/all districts are still awaiting GPDP approval in 2024-2025 and 2025-2026 (fiscal_year)? (broken down by year),"{""date_range"": [""2024-2025"", ""2025-2026""], ""group_by"": ""fiscal_year""}",hit,hit/hit/hit,
2036,Eval_1.xlsx row 250 (low_overlap),Count of GPs with GPDPs in pending approval status for 2024 to 2025.,PLN-014; PLN-019; PLN-020; PLN-021,PLN-014,How many Gram Panchayats in all blocks/all districts are still awaiting GPDP approval in 2024-2025?,"{""date_range"": ""2024-2025""}",hit,hit/hit/hit,
2037,Eval_1.xlsx row 258 (canonical),How many activities have been completed across the state for 2025 to 2026?,STS-003; IMP-002; STS-001; STS-013,IMP-002,How many initiated activities have been completed in 2025-2026?,"{""date_range"": ""2025-2026""}",hit,hit/hit/hit,
2038,Eval_1.xlsx row 260 (low_overlap),What is the total completed activity count for all districts in 2025 to 2026?,STS-003; IMP-002; STS-001; STS-013,IMP-002,How many initiated activities have been completed in 2025-2026 (total)?,"{""date_range"": ""2025-2026"", ""group_by"": ""total""}",hit,hit/hit/hit,
2039,Eval_1.xlsx row 269 (canonical),How many activities are in progress during 2024 to 2025?,STS-003; STS-001,STS-003,How many activities in all blocks are in WORK ONGOING status for 2024-2025?,"{""date_range"": ""2024-2025"", ""status"": ""WORK ONGOING""}",hit,hit/hit/hit,
2040,Eval_1.xlsx row 270 (low_overlap),Give the total count of activities currently in progress for 2024 to 2025.,STS-003; STS-001,STS-003,How many activities in all blocks are in WORK ONGOING status for 2024-2025 (total)? (as one total),"{""date_range"": ""2024-2025"", ""status"": ""WORK ONGOING"", ""group_by"": ""total""}",hit,hit/hit/hit,
2041,Eval_1.xlsx row 280 (canonical),Which sector has the best activity completion rate for 2024 to 2026?,IMP-005; IMP-008; IMP-009,,,,clarify_as_ratified,clarify_as_ratified/clarify_as_ratified/clarify_as_ratified,"asked (ambiguous_term): By “sector”, do you mean the focus area (Sanitation, Drinking water, …) or the LSDG theme? I don't assume one. | chips: By focus area / By LSDG theme"
2042,Eval_1.xlsx row 281 (low_overlap),Identify the sector with the highest percentage of completed activities for 2024 to 2026.,IMP-005; IMP-008; IMP-009,,,,clarify_gold_offered,clarify_gold_offered/hit/clarify_gold_offered,asked (ambiguous_templates): I couldn't match that exactly. Did you mean one of these? | chips: Which themes have the highest number of completed activities in 2025-2026? / What is the completion rate under each theme and focus area in 2025-2026? / Which focus area has the lowest completion rate in 2025-2026?
2043,Eval_1.xlsx row 303 (canonical),How many road construction activities are in progress for 2024 to 2026?,STS-003,STS-003,How many activities in all blocks are in WORK ONGOING status for 2024-2025 and 2025-2026 (Roads) (fiscal_year)? (broken down by year),"{""date_range"": [""2024-2025"", ""2025-2026""], ""status"": ""WORK ONGOING"", ""focus_area"": ""Roads"", ""group_by"": ""fiscal_year""}",hit,hit/hit/hit,
2044,Eval_1.xlsx row 305 (low_overlap),What is the number of road works currently in progress for 2024 to 2026?,STS-003,STS-003,How many activities in all blocks are in WORK ONGOING status for 2024-2025 and 2025-2026 (Roads) (fiscal_year)? (broken down by year),"{""date_range"": [""2024-2025"", ""2025-2026""], ""status"": ""WORK ONGOING"", ""focus_area"": ""Roads"", ""group_by"": ""fiscal_year""}",hit,hit/hit/hit,
2045,Eval_1.xlsx row 314 (canonical),Which districts are behind on GPDP submission for 2024 to 2026?,PLN-007; PLN-004; PLN-016,PLN-007,Which Districts have the lowest GPDP submission rate in 2024-2025 and 2025-2026 (10)? (2024-2025 and 2025-2026 combined),"{""date_range"": [""2024-2025"", ""2025-2026""], ""top_n"": ""10""}",hit,hit/hit/hit,
2046,Eval_1.xlsx row 315 (low_overlap),Identify districts with delayed GPDP submissions for 2024 to 2026.,PLN-007; PLN-004; PLN-016,,,,clarify_gold_offered,wrong_refusal/clarify_gold_offered/clarify_gold_offered,asked (ambiguous_templates): I couldn't match that exactly. Did you mean one of these? | chips: Which GPs in a block/a district uploaded the GPDP after the deadline a deadline in 2025-2026? / How many GPs in a district uploaded the GPDP after the deadline a deadline in 2025-2026? / Which Districts have the lowest GPDP submission rate in 2025-2026?
2047,Eval_1.xlsx row 325 (canonical),Which GPs have expenditure recorded but zero physical progress for 2024 to 2025?,PHY-006; DQY-006,PHY-006,Which Gram Panchayats have expenditure recorded but no physical progress in 2024-2025?,"{""date_range"": ""2024-2025""}",hit,hit/hit/hit,
2048,Eval_1.xlsx row 327 (low_overlap),Find GPs with non-zero expenditure and zero physical progress for 2024 to 2025.,PHY-006; DQY-006,PHY-006,Which Gram Panchayats have expenditure recorded but no physical progress in 2024-2025?,"{""date_range"": ""2024-2025""}",hit,hit/hit/hit,
2049,Eval_1.xlsx row 336 (canonical),Give a district-wise summary of asset creation for 2024 to 2025.,AST-001; AST-002,AST-001,How many assets were created in all GPs during 2024-2025 (district)? (broken down by district),"{""date_range"": ""2024-2025"", ""group_by"": ""district""}",hit,hit/clarify_gold_offered/clarify_gold_offered,
2050,Eval_1.xlsx row 337 (low_overlap),Show asset creation totals across all districts for 2024 to 2025.,AST-001; AST-002,AST-001,How many assets were created in all GPs during 2024-2025 (district)? (broken down by district),"{""date_range"": ""2024-2025"", ""group_by"": ""district""}",hit,hit/hit/hit,
2051,Eval_1.xlsx row 347 (canonical),Show a five-year time series of fund utilization for 2025 to 2026.,TRD-003; EXP-002; TRD-006; EXP-003,EXP-002,How has the total actual expenditure of all GPs changed over the years?,,hit,hit/hit/hit,
2052,Eval_1.xlsx row 350 (low_overlap),Give a time-series view of fund utilization covering the previous five years for 2025 to 2026.,TRD-003; EXP-002; TRD-006; EXP-003,TRD-003,What is the year-wise expenditure of all GPs against the plan of each year?,,hit,clarify_gold_offered/clarify_gold_offered/hit,
